CREATE TABLE IF NOT EXISTS Adm_Persona (
    Id CHAR(36) NOT NULL PRIMARY KEY,
    Nombres VARCHAR(100),
    Apellidos VARCHAR(100),
    DNI VARCHAR(20) NOT NULL UNIQUE,
    Correo VARCHAR(100) NOT NULL UNIQUE,
    RowVersion TIMESTAMP DEFAULT CURRENT_TIMESTAMP ON UPDATE CURRENT_TIMESTAMP,
    ESTADO BIT NOT NULL,
    DISPONIBILIDAD BIT NOT NULL,
    FECHA_CREACION BIGINT NOT NULL,
    FECHA_MODIFICACION BIGINT NOT NULL,
    USER_CREACION TEXT,
    USER_MODIFICACION TEXT
);

CREATE TABLE IF NOT EXISTS Seg_Rol (
    Id CHAR(36) NOT NULL PRIMARY KEY,
    Nombre TEXT,
    Descripcion TEXT,
    RowVersion TIMESTAMP DEFAULT CURRENT_TIMESTAMP ON UPDATE CURRENT_TIMESTAMP,
    ESTADO BIT NOT NULL,
    DISPONIBILIDAD BIT NOT NULL,
    FECHA_CREACION BIGINT NOT NULL,
    FECHA_MODIFICACION BIGINT NOT NULL,
    USER_CREACION TEXT,
    USER_MODIFICACION TEXT
);

CREATE TABLE IF NOT EXISTS Seg_Acceso (
    Id CHAR(36) NOT NULL PRIMARY KEY,
    Orden INT,
    Codigo VARCHAR(4),
    Nombre VARCHAR(100),
    Descripcion TEXT,
    Tipo VARCHAR(100),
    Nivel INT,
    Padre VARCHAR(4),
    RowVersion TIMESTAMP DEFAULT CURRENT_TIMESTAMP ON UPDATE CURRENT_TIMESTAMP,
    ESTADO BIT NOT NULL,
    DISPONIBILIDAD BIT NOT NULL,
    FECHA_CREACION BIGINT NOT NULL,
    FECHA_MODIFICACION BIGINT NOT NULL,
    USER_CREACION TEXT,
    USER_MODIFICACION TEXT,
    UrlAcceso TEXT
);

CREATE TABLE IF NOT EXISTS Seg_Rol_Acceso (
    Id CHAR(36) NOT NULL PRIMARY KEY,
    IdRol CHAR(36) NOT NULL,
    Codigo TEXT,
    Valor TEXT,
    Tipo TEXT,
    IdAccesoUno CHAR(36) NOT NULL,
    IdAccesoDos CHAR(36) NOT NULL,
    RowVersion TIMESTAMP DEFAULT CURRENT_TIMESTAMP ON UPDATE CURRENT_TIMESTAMP,
    ESTADO BIT NOT NULL,
    DISPONIBILIDAD BIT NOT NULL,
    FECHA_CREACION BIGINT NOT NULL,
    FECHA_MODIFICACION BIGINT NOT NULL,
    USER_CREACION TEXT,
    USER_MODIFICACION TEXT,
    FOREIGN KEY (IdRol) REFERENCES Seg_Rol(Id),
    FOREIGN KEY (IdAccesoUno) REFERENCES Seg_Acceso(Id),
    FOREIGN KEY (IdAccesoDos) REFERENCES Seg_Acceso(Id)
);

CREATE TABLE IF NOT EXISTS Seg_Cliente (
    Id CHAR(36) NOT NULL PRIMARY KEY,
    IdPersona CHAR(36) NOT NULL,
    NombreUsuario VARCHAR(255) NOT NULL,
    Contrasena VARCHAR(255) NOT NULL,
    NumeroCuenta VARCHAR(50),
    NumeroTarjeta VARCHAR(50),
    RowVersion TIMESTAMP DEFAULT CURRENT_TIMESTAMP ON UPDATE CURRENT_TIMESTAMP,
    ESTADO BIT NOT NULL,
    DISPONIBILIDAD BIT NOT NULL,
    FECHA_CREACION BIGINT NOT NULL,
    FECHA_MODIFICACION BIGINT NOT NULL,
    USER_CREACION TEXT,
    USER_MODIFICACION TEXT,
    FOREIGN KEY (IdPersona) REFERENCES Adm_Persona(Id)
);

CREATE TABLE IF NOT EXISTS Seg_Colaborador (
    Id CHAR(36) NOT NULL PRIMARY KEY,
    IdPersona CHAR(36) NOT NULL,
    NombreUsuario VARCHAR(255) NOT NULL,
    Contrasena VARCHAR(255) NOT NULL,
    IdRol CHAR(36) NOT NULL,
    EsActivo BIT NOT NULL,
    FechaContratacion BIGINT,
    RowVersion TIMESTAMP DEFAULT CURRENT_TIMESTAMP ON UPDATE CURRENT_TIMESTAMP,
    ESTADO BIT NOT NULL,
    DISPONIBILIDAD BIT NOT NULL,
    FECHA_CREACION BIGINT NOT NULL,
    FECHA_MODIFICACION BIGINT NOT NULL,
    USER_CREACION TEXT,
    USER_MODIFICACION TEXT,
    FOREIGN KEY (IdPersona) REFERENCES Adm_Persona(Id),
    FOREIGN KEY (IdRol) REFERENCES Seg_Rol(Id)
);

CREATE TABLE IF NOT EXISTS Adm_Producto (
    Id CHAR(36) NOT NULL PRIMARY KEY,
    Nombre VARCHAR(255) NOT NULL,
    Descripcion TEXT,
    PrecioRegular DECIMAL(10, 2),
    PrecioVenta DECIMAL(10, 2),
    Descuento INT,
    DiaLlegada VARCHAR(50),
    UrlImagen VARCHAR(255),
    RowVersion TIMESTAMP DEFAULT CURRENT_TIMESTAMP ON UPDATE CURRENT_TIMESTAMP,
    ESTADO BIT NOT NULL,
    DISPONIBILIDAD BIT NOT NULL,
    FECHA_CREACION BIGINT NOT NULL,
    FECHA_MODIFICACION BIGINT NOT NULL,
    USER_CREACION TEXT,
    USER_MODIFICACION TEXT
);

CREATE TABLE IF NOT EXISTS Adm_Mascota (
    Id CHAR(36) NOT NULL PRIMARY KEY,
    IdCliente CHAR(36),
    Nombre VARCHAR(100) NOT NULL,
    Raza VARCHAR(100),
    FechaNacimiento VARCHAR(50),
    Tipo VARCHAR(50),
    Historia TEXT,
    Origen VARCHAR(100),
    Cuidados TEXT,
    Observacion TEXT,
    RowVersion TIMESTAMP DEFAULT CURRENT_TIMESTAMP ON UPDATE CURRENT_TIMESTAMP,
    ESTADO BIT NOT NULL,
    DISPONIBILIDAD BIT NOT NULL,
    FECHA_CREACION BIGINT NOT NULL,
    FECHA_MODIFICACION BIGINT NOT NULL,
    USER_CREACION TEXT,
    USER_MODIFICACION TEXT,
    FOREIGN KEY (IdCliente) REFERENCES Seg_Cliente(Id)
);

CREATE TABLE IF NOT EXISTS Adm_Mascota_Foto (
    Id CHAR(36) NOT NULL PRIMARY KEY,
    IdMascota CHAR(36) NOT NULL,
    Url TEXT,
    RowVersion TIMESTAMP DEFAULT CURRENT_TIMESTAMP ON UPDATE CURRENT_TIMESTAMP,
    ESTADO BIT NOT NULL,
    DISPONIBILIDAD BIT NOT NULL,
    FECHA_CREACION BIGINT NOT NULL,
    FECHA_MODIFICACION BIGINT NOT NULL,
    USER_CREACION TEXT,
    USER_MODIFICACION TEXT,
    FOREIGN KEY (IdMascota) REFERENCES Adm_Mascota(Id)
);

CREATE TABLE IF NOT EXISTS Adm_Servicios (
    Id CHAR(36) NOT NULL PRIMARY KEY,
    Nombre VARCHAR(100),
    TipoMascota ENUM('Perro','Gato','Ave','Roedor','Otro'),
    Categoria ENUM('Aseo','Paseo','Cuidado','Entrenamiento','Veterinaria'),
    DuracionMinutos INT,
    Costo DECIMAL(10,2),
    Descripcion TEXT,
    Requisitos TEXT,
    Horario TEXT,
    PersonalAsignado VARCHAR(100),
    RowVersion TIMESTAMP DEFAULT CURRENT_TIMESTAMP ON UPDATE CURRENT_TIMESTAMP,
    ESTADO BIT NOT NULL,
    DISPONIBILIDAD BIT NOT NULL,
    FECHA_CREACION BIGINT NOT NULL,
    FECHA_MODIFICACION BIGINT NOT NULL,
    USER_CREACION TEXT,
    USER_MODIFICACION TEXT
);

CREATE TABLE IF NOT EXISTS Cli_Reservas (
    Id CHAR(36) NOT NULL PRIMARY KEY,
    IdCliente CHAR(36) NOT NULL,
    IdMascota CHAR(36),
    IdServicio CHAR(36) NOT NULL,
    FechaHora DATETIME,
    EstadoReserva ENUM('Pendiente','Confirmado','Completado','Cancelado'),
    Observaciones TEXT,
    RowVersion TIMESTAMP DEFAULT CURRENT_TIMESTAMP ON UPDATE CURRENT_TIMESTAMP,
    ESTADO BIT NOT NULL,
    DISPONIBILIDAD BIT NOT NULL,
    FECHA_CREACION BIGINT NOT NULL,
    FECHA_MODIFICACION BIGINT NOT NULL,
    USER_CREACION TEXT,
    USER_MODIFICACION TEXT,
    FOREIGN KEY (IdCliente) REFERENCES Seg_Cliente(Id),
    FOREIGN KEY (IdMascota) REFERENCES Adm_Mascota(Id),
    FOREIGN KEY (IdServicio) REFERENCES Adm_Servicios(Id)
);

CREATE TABLE IF NOT EXISTS Cli_Carrito (
    Id CHAR(36) NOT NULL PRIMARY KEY,
    IdCliente CHAR(36) NOT NULL,
    IdProducto CHAR(36) NOT NULL,
    Cantidad INT NOT NULL DEFAULT 1,
    FechaAgregado DATETIME DEFAULT CURRENT_TIMESTAMP,
    RowVersion TIMESTAMP DEFAULT CURRENT_TIMESTAMP ON UPDATE CURRENT_TIMESTAMP,
    ESTADO BIT NOT NULL,
    DISPONIBILIDAD BIT NOT NULL,
    FECHA_CREACION BIGINT NOT NULL,
    FECHA_MODIFICACION BIGINT NOT NULL,
    USER_CREACION TEXT,
    USER_MODIFICACION TEXT,
    FOREIGN KEY (IdCliente) REFERENCES Seg_Cliente(Id),
    FOREIGN KEY (IdProducto) REFERENCES Adm_Producto(Id)
);

CREATE TABLE IF NOT EXISTS Cli_Compras (
    Id CHAR(36) NOT NULL PRIMARY KEY,
    IdCliente CHAR(36) NOT NULL,
    FechaCompra DATETIME DEFAULT CURRENT_TIMESTAMP,
    MontoTotal DECIMAL(10, 2) NOT NULL,
    MetodoPago VARCHAR(50),
    DireccionEntrega TEXT,
    TipoEntrega ENUM('Delivery', 'Recojo'),
    EstadoCompra ENUM('Pendiente', 'Pagado', 'Procesando', 'Enviado', 'Entregado', 'Cancelado') DEFAULT 'Pendiente',
    NumeroBoleta VARCHAR(50), 
    RowVersion TIMESTAMP DEFAULT CURRENT_TIMESTAMP ON UPDATE CURRENT_TIMESTAMP,
    ESTADO BIT NOT NULL,
    DISPONIBILIDAD BIT NOT NULL,
    FECHA_CREACION BIGINT NOT NULL,
    FECHA_MODIFICACION BIGINT NOT NULL,
    USER_CREACION TEXT,
    USER_MODIFICACION TEXT,
    FOREIGN KEY (IdCliente) REFERENCES Seg_Cliente(Id)
);

CREATE TABLE IF NOT EXISTS Cli_DetalleCompra (
    Id CHAR(36) NOT NULL PRIMARY KEY,
    IdCompra CHAR(36) NOT NULL,
    IdProducto CHAR(36) NOT NULL,
    Cantidad INT NOT NULL,
    PrecioUnitario DECIMAL(10, 2) NOT NULL,
    Subtotal DECIMAL(10, 2) NOT NULL,
    RowVersion TIMESTAMP DEFAULT CURRENT_TIMESTAMP ON UPDATE CURRENT_TIMESTAMP,
    ESTADO BIT NOT NULL,
    DISPONIBILIDAD BIT NOT NULL,
    FECHA_CREACION BIGINT NOT NULL,
    FECHA_MODIFICACION BIGINT NOT NULL,
    USER_CREACION TEXT,
    USER_MODIFICACION TEXT,
    FOREIGN KEY (IdCompra) REFERENCES Cli_Compras(Id),
    FOREIGN KEY (IdProducto) REFERENCES Adm_Producto(Id)
);

CREATE TABLE IF NOT EXISTS Cli_Entrega (
    Id CHAR(36) NOT NULL PRIMARY KEY,
    IdCompra CHAR(36) NOT NULL,
    ResponsableEntrega VARCHAR(255),
    TelefonoResponsable VARCHAR(20),
    FechaEstimada DATETIME,
    FechaEntrega DATETIME,
    EstadoEntrega ENUM('Preparando', 'EnCamino', 'Entregado', 'Fallido') DEFAULT 'Preparando',
    Observaciones TEXT,
    RowVersion TIMESTAMP DEFAULT CURRENT_TIMESTAMP ON UPDATE CURRENT_TIMESTAMP,
    ESTADO BIT NOT NULL,
    DISPONIBILIDAD BIT NOT NULL,
    FECHA_CREACION BIGINT NOT NULL,
    FECHA_MODIFICACION BIGINT NOT NULL,
    USER_CREACION TEXT,
    USER_MODIFICACION TEXT,
    FOREIGN KEY (IdCompra) REFERENCES Cli_Compras(Id)
);

CREATE TABLE IF NOT EXISTS Cli_Publicaciones (
    Id CHAR(36) NOT NULL PRIMARY KEY,
    IdCliente CHAR(36) NOT NULL,
    Contenido TEXT,
    FechaPublicacion DATETIME DEFAULT CURRENT_TIMESTAMP,
    Likes INT DEFAULT 0,
    RowVersion TIMESTAMP DEFAULT CURRENT_TIMESTAMP ON UPDATE CURRENT_TIMESTAMP,
    ESTADO BIT NOT NULL,
    DISPONIBILIDAD BIT NOT NULL,
    FECHA_CREACION BIGINT NOT NULL,
    FECHA_MODIFICACION BIGINT NOT NULL,
    USER_CREACION TEXT,
    USER_MODIFICACION TEXT,
    FOREIGN KEY (IdCliente) REFERENCES Seg_Cliente(Id)
);

CREATE TABLE IF NOT EXISTS Cli_Publicacion_Media (
    Id CHAR(36) NOT NULL PRIMARY KEY,
    IdPublicacion CHAR(36) NOT NULL,
    Url TEXT NOT NULL,
    TipoMedia ENUM('Imagen', 'Video') NOT NULL,
    RowVersion TIMESTAMP DEFAULT CURRENT_TIMESTAMP ON UPDATE CURRENT_TIMESTAMP,
    ESTADO BIT NOT NULL,
    DISPONIBILIDAD BIT NOT NULL,
    FECHA_CREACION BIGINT NOT NULL,
    FECHA_MODIFICACION BIGINT NOT NULL,
    USER_CREACION TEXT,
    USER_MODIFICACION TEXT,
    FOREIGN KEY (IdPublicacion) REFERENCES Cli_Publicaciones(Id)
);

CREATE TABLE IF NOT EXISTS Seg_TokenVerificacion (
    Id CHAR(36) NOT NULL PRIMARY KEY,
    Correo VARCHAR(100) NOT NULL,
    Token VARCHAR(6) NOT NULL,
    FechaExpiracion BIGINT NOT NULL,
    RowVersion TIMESTAMP DEFAULT CURRENT_TIMESTAMP ON UPDATE CURRENT_TIMESTAMP,
    ESTADO BIT NOT NULL,
    DISPONIBILIDAD BIT NOT NULL,
    FECHA_CREACION BIGINT NOT NULL,
    FECHA_MODIFICACION BIGINT NOT NULL,
    USER_CREACION TEXT,
    USER_MODIFICACION TEXT
);

CREATE TABLE IF NOT EXISTS Adopcion_Solicitud (
    Id CHAR(36) PRIMARY KEY,
    IdCliente CHAR(36) NOT NULL,
    IdMascota CHAR(36) NOT NULL,
    FechaSolicitud BIGINT NOT NULL,
    EstadoSolicitud VARCHAR(50) DEFAULT 'Nueva',
    Observacion TEXT,
    ESTADO INT DEFAULT 1,
    DISPONIBILIDAD INT DEFAULT 1,
    FECHA_CREACION BIGINT,
    FECHA_MODIFICACION BIGINT,
    USER_CREACION VARCHAR(50),
    USER_MODIFICACION VARCHAR(50)
);

INSERT INTO Seg_Rol (Id, Nombre, Descripcion, ESTADO, DISPONIBILIDAD, FECHA_CREACION, FECHA_MODIFICACION, USER_CREACION, USER_MODIFICACION) VALUES
('11111111-1111-1111-1111-111111111111', 'Administrador', 'Administrador del sistema', 1, 1, 1725375954790, 1725375954790, 'Admin', 'Admin'),
('22222222-2222-2222-2222-222222222222', 'Empleado', 'Empleado de ventas', 1, 1, 1725375954790, 1725375954790, 'Admin', 'Admin');

INSERT INTO Seg_Acceso (Id, Orden, Codigo, Nombre, Descripcion, Tipo, Nivel, Padre, ESTADO, DISPONIBILIDAD, FECHA_CREACION, FECHA_MODIFICACION, USER_CREACION, USER_MODIFICACION, UrlAcceso) VALUES
('00000000-0000-0000-0000-000000000000', 0, 'NULL', 'NULL', 'NULL', 'NULL', 0, 'NULL', 0, 0, 0, 0, 'SYS', 'SYS', ''),
('aaaaaaaa-aaaa-aaaa-aaaa-aaaaaaaaaaaa', 1, 'ADMI', 'Administracion', 'Modulo de Administracion', 'ADMIN', 1, 'TODO', 1, 1, 1725375954790, 1725375954790, 'Admin', 'Admin', ''),
('bbbbbbbb-bbbb-bbbb-bbbb-bbbbbbbbbbbb', 2, 'DASH', 'Dashboard', 'Dashboard Administrativo', 'ADMIN', 2, 'ADMI', 1, 1, 1725375954790, 1725375954790, 'Admin', 'Admin', '/admin/dashboard'),
('cccccccc-cccc-cccc-cccc-cccccccccccc', 3, 'PROD', 'Productos', 'Gestion de Productos', 'ADMIN', 2, 'ADMI', 1, 1, 1725375954790, 1725375954790, 'Admin', 'Admin', '/edit_product/1');

INSERT INTO Seg_Rol_Acceso (Id, IdRol, Codigo, Valor, Tipo, IdAccesoUno, IdAccesoDos, ESTADO, DISPONIBILIDAD, FECHA_CREACION, FECHA_MODIFICACION, USER_CREACION, USER_MODIFICACION) VALUES
(UUID(), '11111111-1111-1111-1111-111111111111', 'ADMITODO', 'S', 'ADMIN', 'aaaaaaaa-aaaa-aaaa-aaaa-aaaaaaaaaaaa', '00000000-0000-0000-0000-000000000000', 1, 1, 1725375954790, 1725375954790, 'Admin', 'Admin'),
(UUID(), '11111111-1111-1111-1111-111111111111', 'ADMIDASH', 'S', 'ADMIN', 'aaaaaaaa-aaaa-aaaa-aaaa-aaaaaaaaaaaa', 'bbbbbbbb-bbbb-bbbb-bbbb-bbbbbbbbbbbb', 1, 1, 1725375954790, 1725375954790, 'Admin', 'Admin'),
(UUID(), '11111111-1111-1111-1111-111111111111', 'ADMIPROD', 'S', 'ADMIN', 'aaaaaaaa-aaaa-aaaa-aaaa-aaaaaaaaaaaa', 'cccccccc-cccc-cccc-cccc-cccccccccccc', 1, 1, 1725375954790, 1725375954790, 'Admin', 'Admin'),
(UUID(), '22222222-2222-2222-2222-222222222222', 'ADMITODO', 'S', 'ADMIN', 'aaaaaaaa-aaaa-aaaa-aaaa-aaaaaaaaaaaa', '00000000-0000-0000-0000-000000000000', 1, 1, 1725375954790, 1725375954790, 'Admin', 'Admin'),
(UUID(), '22222222-2222-2222-2222-222222222222', 'ADMIDASH', 'S', 'ADMIN', 'aaaaaaaa-aaaa-aaaa-aaaa-aaaaaaaaaaaa', 'bbbbbbbb-bbbb-bbbb-bbbb-bbbbbbbbbbbb', 1, 1, 1725375954790, 1725375954790, 'Admin', 'Admin'),
(UUID(), '22222222-2222-2222-2222-222222222222', 'ADMIPROD', 'N', 'ADMIN', 'aaaaaaaa-aaaa-aaaa-aaaa-aaaaaaaaaaaa', 'cccccccc-cccc-cccc-cccc-cccccccccccc', 1, 1, 1725375954790, 1725375954790, 'Admin', 'Admin');

INSERT INTO Adm_Persona (Id, Nombres, Apellidos, DNI, Correo, ESTADO, DISPONIBILIDAD, FECHA_CREACION, FECHA_MODIFICACION, USER_CREACION, USER_MODIFICACION) VALUES
('P1111111-1111-1111-1111-111111111111', 'Abel', 'D', '77777777', 'abel@mail.com', 1, 1, 0, 0, 'SYS', 'SYS'),
('P2222222-2222-2222-2222-222222222222', 'Bruno', 'C', '88888888', 'bruno@mail.com', 1, 1, 0, 0, 'SYS', 'SYS'),
('P3333333-3333-3333-3333-333333333333', 'Carlos', 'E', '99999999', 'carlos@mail.com', 1, 1, 0, 0, 'SYS', 'SYS'),
('P4444444-4444-4444-4444-444444444444', 'Admin', 'System', '00000000', 'admin@mail.com', 1, 1, 1725375954790, 1725375954790, 'SYS', 'SYS');

INSERT INTO Seg_Cliente (Id, IdPersona, NombreUsuario, Contrasena, NumeroCuenta, NumeroTarjeta, ESTADO, DISPONIBILIDAD, FECHA_CREACION, FECHA_MODIFICACION, USER_CREACION, USER_MODIFICACION) VALUES
('C1111111-1111-1111-1111-111111111111', 'P1111111-1111-1111-1111-111111111111', 'abelcliente', '1234', 'ACC-ABEL-001', '4555-5555-5555-5555', 1, 1, 0, 0, 'SYS', 'SYS'),
('C2222222-2222-2222-2222-222222222222', 'P2222222-2222-2222-2222-222222222222', 'bruno', '1234', 'ACC-BRUNO-001', '4444-4444-4444-4444', 1, 1, 0, 0, 'SYS', 'SYS');

INSERT INTO Seg_Colaborador (Id, IdPersona, NombreUsuario, Contrasena, IdRol, EsActivo, FechaContratacion, ESTADO, DISPONIBILIDAD, FECHA_CREACION, FECHA_MODIFICACION, USER_CREACION, USER_MODIFICACION) VALUES
('K1111111-1111-1111-1111-111111111111', 'P1111111-1111-1111-1111-111111111111', 'ws_abelAdmin', '1234', '22222222-2222-2222-2222-222222222222', 1, 0, 1, 1, 0, 0, 'SYS', 'SYS'),
('K3333333-3333-3333-3333-333333333333', 'P3333333-3333-3333-3333-333333333333', 'ws_carlos', '1234', '22222222-2222-2222-2222-222222222222', 1, 0, 1, 1, 0, 0, 'SYS', 'SYS'),
('K4444444-4444-4444-4444-444444444444', 'P4444444-4444-4444-4444-444444444444', 'admin', 'admin', '11111111-1111-1111-1111-111111111111', 1, 0, 1, 1, 1725375954790, 1725375954790, 'SYS', 'SYS');

INSERT INTO Adm_Producto (Id, Nombre, Descripcion, PrecioRegular, PrecioVenta, Descuento, DiaLlegada, UrlImagen, ESTADO, DISPONIBILIDAD, FECHA_CREACION, FECHA_MODIFICACION, USER_CREACION, USER_MODIFICACION) VALUES
(UUID(), 'Silla', 'Silla cómoda', 389.00, 439.00, 80, 'Martes', 'https://quepatas.com/cdn/shop/files/MALSEG-1_847d98d0-fd53-4edc-a847-5d5e72b0a402.jpg?v=1747856665&width=1100', 1, 1, 1725375954790, 1725375954790, 'SYS', 'SYS'),
(UUID(), 'Mesa', 'Mesa de madera', 150.00, 120.00, 20, 'Lunes', 'https://quepatas.com/cdn/shop/files/MALSEG-1_847d98d0-fd53-4edc-a847-5d5e72b0a402.jpg?v=1747856665&width=1100', 1, 1, 1725375954790, 1725375954790, 'SYS', 'SYS'),
(UUID(), 'Sofá', 'Sofá de cuero', 500.00, 450.00, 10, 'Viernes', 'https://quepatas.com/cdn/shop/files/MALSEG-1_847d98d0-fd53-4edc-a847-5d5e72b0a402.jpg?v=1747856665&width=1100', 1, 1, 1725375954790, 1725375954790, 'SYS', 'SYS');

INSERT INTO Adm_Servicios (Id, Nombre, TipoMascota, Categoria, DuracionMinutos, Costo, Descripcion, Requisitos, Horario, PersonalAsignado, ESTADO, DISPONIBILIDAD, FECHA_CREACION, FECHA_MODIFICACION, USER_CREACION, USER_MODIFICACION)
VALUES ('serv-001', 'Baño Premium', 'Perro', 'Aseo', 60, 50.00, 'Baño con shampoo antipulgas', 'Ninguno', 'L-V 9-18', 'Juan', 1, 1, 0, 0, 'SYS', 'SYS')
ON DUPLICATE KEY UPDATE Nombre = Nombre;

INSERT INTO Adm_Mascota (Id, IdCliente, Nombre, Raza, Tipo, ESTADO, DISPONIBILIDAD, FECHA_CREACION, FECHA_MODIFICACION, USER_CREACION, USER_MODIFICACION)
VALUES ('pet-001', 'C1111111-1111-1111-1111-111111111111', 'Firulais', 'Labrador', 'Perro', 1, 1, 0, 0, 'SYS', 'SYS')
ON DUPLICATE KEY UPDATE Nombre = Nombre;

INSERT INTO Cli_Publicaciones (Id, IdCliente, Contenido, FechaPublicacion, Likes, ESTADO, DISPONIBILIDAD, FECHA_CREACION, FECHA_MODIFICACION, USER_CREACION, USER_MODIFICACION) VALUES
('pub-001', 'C2222222-2222-2222-2222-222222222222', '¡Disfrutando un día de parque con mi perro! 🌳🐶', NOW(), 15, 1, 1, 0, 0, 'SYS', 'SYS'),
('pub-002', 'C1111111-1111-1111-1111-111111111111', 'Mi gato aprendió un nuevo truco hoy. 😺', NOW() - INTERVAL 1 DAY, 24, 1, 1, 0, 0, 'SYS', 'SYS'),
('pub-003', 'C2222222-2222-2222-2222-222222222222', 'Mirad qué bonito collar le compré a Bobby en SuperPet.', NOW() - INTERVAL 2 DAY, 10, 1, 1, 0, 0, 'SYS', 'SYS')
ON DUPLICATE KEY UPDATE Contenido = Contenido;

INSERT INTO Cli_Publicacion_Media (Id, IdPublicacion, Url, TipoMedia, ESTADO, DISPONIBILIDAD, FECHA_CREACION, FECHA_MODIFICACION, USER_CREACION, USER_MODIFICACION) VALUES
('med-001', 'pub-001', 'https://images.unsplash.com/photo-1548199973-03cce0bbc87b?ixlib=rb-1.2.1&auto=format&fit=crop&w=1350&q=80', 'Imagen', 1, 1, 0, 0, 'SYS', 'SYS'),
('med-002', 'pub-002', 'https://images.unsplash.com/photo-1514888286974-6c03e2ca1dba?ixlib=rb-1.2.1&auto=format&fit=crop&w=1350&q=80', 'Imagen', 1, 1, 0, 0, 'SYS', 'SYS'),
('med-003', 'pub-003', 'https://images.unsplash.com/photo-1583337130417-3346a1be7dee?ixlib=rb-1.2.1&auto=format&fit=crop&w=1350&q=80', 'Imagen', 1, 1, 0, 0, 'SYS', 'SYS')
ON DUPLICATE KEY UPDATE Url = Url;
